{"cameraMode":{"drawMode":0,"name":"Shaded","section":"Shading Mode"},"sceneLighting":true,"audioPlay":false,"sceneViewState":{"showFog":true,"showMaterialUpdate":false,"showSkybox":true,"showFlares":true,"showImageEffects":true,"showParticleSystems":true},"in2DMode":false,"pivot":{"x":-0.5971984267234802,"y":2.7874042987823488,"z":-4.507418155670166},"rotation":{"x":0.008268551900982857,"y":0.9915744662284851,"z":-0.09999009966850281,"w":0.08199100196361542},"size":7.827113628387451,"orthographic":true}