{"cameraMode":{"drawMode":0,"name":"Shaded","section":"Shading Mode"},"sceneLighting":true,"audioPlay":false,"sceneViewState":{"showFog":true,"showMaterialUpdate":false,"showSkybox":true,"showFlares":true,"showImageEffects":true,"showParticleSystems":true},"in2DMode":false,"pivot":{"x":-0.056093595921993259,"y":3.3787174224853517,"z":-9.442577362060547},"rotation":{"x":0.011228552088141442,"y":0.9814358949661255,"z":-0.1816355288028717,"w":0.06073244661092758},"size":79.26795959472656,"orthographic":true}