{"cameraMode":{"drawMode":0,"name":"Shaded","section":"Shading Mode"},"sceneLighting":true,"audioPlay":false,"sceneViewState":{"showFog":true,"showMaterialUpdate":true,"showSkybox":true,"showFlares":true,"showImageEffects":true,"showParticleSystems":true},"in2DMode":false,"pivot":{"x":0.43994832038879397,"y":0.6612963676452637,"z":-2.705859899520874},"rotation":{"x":-0.01621476747095585,"y":-0.9570868015289307,"z":0.05461295321583748,"w":-0.28415024280548098},"size":4.666768550872803,"orthographic":false}