{"cameraMode":{"drawMode":0,"name":"Shaded","section":"Shading Mode"},"sceneLighting":true,"audioPlay":false,"sceneViewState":{"showFog":true,"showMaterialUpdate":false,"showSkybox":false,"showFlares":true,"showImageEffects":true,"showParticleSystems":true},"in2DMode":false,"pivot":{"x":-0.23201942443847657,"y":-0.13054844737052918,"z":-0.5021117925643921},"rotation":{"x":0.01349350344389677,"y":0.9748247265815735,"z":-0.2138991355895996,"w":0.06149536371231079},"size":4.432398796081543,"orthographic":false}