{"cameraMode":{"drawMode":0,"name":"Shaded","section":"Shading Mode"},"sceneLighting":true,"audioPlay":false,"sceneViewState":{"showFog":true,"showMaterialUpdate":false,"showSkybox":true,"showFlares":true,"showImageEffects":true,"showParticleSystems":true},"in2DMode":false,"pivot":{"x":0.6703453063964844,"y":-7.8019208908081059,"z":14.499812126159668},"rotation":{"x":0.23033617436885835,"y":-0.02481144852936268,"z":0.0058749644085764889,"w":0.9727780818939209},"size":24.626543045043947,"orthographic":false}