{"cameraMode":{"drawMode":0,"name":"Shaded","section":"Shading Mode"},"sceneLighting":true,"audioPlay":false,"sceneViewState":{"showFog":true,"showMaterialUpdate":false,"showSkybox":true,"showFlares":true,"showImageEffects":true,"showParticleSystems":true},"in2DMode":false,"pivot":{"x":-4.497100830078125,"y":-4.985927104949951,"z":11.431304931640625},"rotation":{"x":0.21671390533447267,"y":-0.06875912100076676,"z":0.015303694643080235,"w":0.9736902117729187},"size":25.229286193847658,"orthographic":false}