{"cameraMode":{"drawMode":0,"name":"Shaded","section":"Shading Mode"},"sceneLighting":true,"audioPlay":false,"sceneViewState":{"showFog":true,"showMaterialUpdate":false,"showSkybox":true,"showFlares":true,"showImageEffects":true,"showParticleSystems":true},"in2DMode":false,"pivot":{"x":4.940097808837891,"y":-8.552068710327149,"z":15.098974227905274},"rotation":{"x":-0.2608911991119385,"y":-0.05007794871926308,"z":0.013553175143897534,"w":-0.9639731049537659},"size":36.86015319824219,"orthographic":false}