{"cameraMode":{"drawMode":0,"name":"Shaded","section":"Shading Mode"},"sceneLighting":true,"audioPlay":false,"sceneViewState":{"showFog":true,"showMaterialUpdate":false,"showSkybox":true,"showFlares":true,"showImageEffects":true,"showParticleSystems":true},"in2DMode":false,"pivot":{"x":-1.5521290302276612,"y":0.3298671245574951,"z":1.2218093872070313},"rotation":{"x":-0.2178000658750534,"y":0.47322559356689455,"z":-0.12199927866458893,"w":-0.844829797744751},"size":5.790863037109375,"orthographic":false}