{"cameraMode":{"drawMode":0,"name":"Shaded","section":"Shading Mode"},"sceneLighting":true,"audioPlay":false,"sceneViewState":{"showFog":true,"showMaterialUpdate":false,"showSkybox":true,"showFlares":true,"showImageEffects":true,"showParticleSystems":true},"in2DMode":false,"pivot":{"x":0.7843437194824219,"y":-2.459299087524414,"z":2.092041015625},"rotation":{"x":0.3143145442008972,"y":-0.10791090875864029,"z":0.0359874963760376,"w":0.9424806833267212},"size":12.309887886047364,"orthographic":false}