{"cameraMode":{"drawMode":0,"name":"Shaded","section":"Shading Mode"},"sceneLighting":false,"audioPlay":false,"sceneViewState":{"showFog":true,"showMaterialUpdate":false,"showSkybox":false,"showFlares":true,"showImageEffects":true,"showParticleSystems":true},"in2DMode":false,"pivot":{"x":0.23131299018859864,"y":0.5130000114440918,"z":-0.09000001847743988},"rotation":{"x":0.2427421510219574,"y":-0.5374047756195068,"z":0.16500142216682435,"w":0.7906012535095215},"size":2.8578836917877199,"orthographic":false}