{"cameraMode":{"drawMode":0,"name":"Shaded","section":"Shading Mode"},"sceneLighting":true,"audioPlay":false,"sceneViewState":{"showFog":true,"showMaterialUpdate":false,"showSkybox":true,"showFlares":true,"showImageEffects":true,"showParticleSystems":true},"in2DMode":false,"pivot":{"x":1.380273461341858,"y":0.5,"z":-0.4080396890640259},"rotation":{"x":0.2427421510219574,"y":-0.5374047756195068,"z":0.16500142216682435,"w":0.7906012535095215},"size":2.8578836917877199,"orthographic":false}