{"cameraMode":{"drawMode":0,"name":"Shaded","section":"Shading Mode"},"sceneLighting":false,"audioPlay":false,"sceneViewState":{"showFog":true,"showMaterialUpdate":false,"showSkybox":false,"showFlares":true,"showImageEffects":true,"showParticleSystems":true},"in2DMode":false,"pivot":{"x":-0.052668601274490359,"y":0.1358751803636551,"z":1.1378045082092286},"rotation":{"x":0.16921387612819673,"y":-0.2880348265171051,"z":0.05178765952587128,"w":0.9411289691925049},"size":8.831082344055176,"orthographic":false}