{"cameraMode":{"drawMode":0,"name":"Shaded","section":"Shading Mode"},"sceneLighting":true,"audioPlay":false,"sceneViewState":{"showFog":true,"showMaterialUpdate":false,"showSkybox":true,"showFlares":true,"showImageEffects":true,"showParticleSystems":true},"in2DMode":false,"pivot":{"x":1.6588547229766846,"y":-0.5103741884231567,"z":-16.331771850585939},"rotation":{"x":-0.002996895695105195,"y":0.9908668398857117,"z":-0.1330718994140625,"w":-0.022298164665699006},"size":10.461862564086914,"orthographic":true}