{"cameraMode":{"drawMode":0,"name":"Shaded","section":"Shading Mode"},"sceneLighting":true,"audioPlay":false,"sceneViewState":{"showFog":true,"showMaterialUpdate":false,"showSkybox":true,"showFlares":true,"showImageEffects":true,"showParticleSystems":true},"in2DMode":false,"pivot":{"x":-0.8118820190429688,"y":0.23985673487186433,"z":-16.302217483520509},"rotation":{"x":-0.01061028428375721,"y":0.9857416749000549,"z":-0.06812453269958496,"w":-0.15352046489715577},"size":5.723540782928467,"orthographic":true}