{"cameraMode":{"drawMode":0,"name":"Shaded","section":"Shading Mode"},"sceneLighting":true,"audioPlay":false,"sceneViewState":{"showFog":true,"showMaterialUpdate":false,"showSkybox":false,"showFlares":true,"showImageEffects":true,"showParticleSystems":true},"in2DMode":false,"pivot":{"x":-0.3000030517578125,"y":4.17999267578125,"z":7.0},"rotation":{"x":0.13904114067554475,"y":-0.008614614605903626,"z":0.0012102460023015738,"w":0.990251898765564},"size":1200.311279296875,"orthographic":false}