{"cameraMode":{"drawMode":0,"name":"Shaded","section":"Shading Mode"},"sceneLighting":true,"audioPlay":false,"sceneViewState":{"showFog":true,"showMaterialUpdate":false,"showSkybox":true,"showFlares":true,"showImageEffects":true,"showParticleSystems":true},"in2DMode":false,"pivot":{"x":5.55983829498291,"y":-10.152122497558594,"z":8.72370719909668},"rotation":{"x":-0.33130398392677309,"y":-0.19284343719482423,"z":0.06936978548765183,"w":-0.9209998250007629},"size":29.01874351501465,"orthographic":false}