{"cameraMode":{"drawMode":0,"name":"Shaded","section":"Shading Mode"},"sceneLighting":true,"audioPlay":false,"sceneViewState":{"showFog":true,"showMaterialUpdate":false,"showSkybox":false,"showFlares":true,"showImageEffects":true,"showParticleSystems":true},"in2DMode":false,"pivot":{"x":25.228649139404298,"y":-1.3554823398590088,"z":15.117664337158204},"rotation":{"x":-0.14908255636692048,"y":0.11157824099063873,"z":-0.016933245584368707,"w":-0.9823653697967529},"size":117.88944244384766,"orthographic":false}