{"cameraMode":{"drawMode":0,"name":"Shaded","section":"Shading Mode"},"sceneLighting":true,"audioPlay":false,"sceneViewState":{"showFog":true,"showMaterialUpdate":false,"showSkybox":false,"showFlares":true,"showImageEffects":true,"showParticleSystems":true},"in2DMode":false,"pivot":{"x":28.312240600585939,"y":-143.1333465576172,"z":77.90966796875},"rotation":{"x":-0.08701390773057938,"y":0.8092218041419983,"z":-0.12404873967170716,"w":-0.5676302909851074},"size":4901.35888671875,"orthographic":false}