{"cameraMode":{"drawMode":0,"name":"Shaded","section":"Shading Mode"},"sceneLighting":true,"audioPlay":false,"sceneViewState":{"showFog":true,"showMaterialUpdate":false,"showSkybox":true,"showFlares":true,"showImageEffects":true,"showParticleSystems":true},"in2DMode":false,"pivot":{"x":3.6682729721069338,"y":-0.7394469380378723,"z":7.160154342651367},"rotation":{"x":-0.12828713655471803,"y":-0.10038414597511292,"z":0.01305335946381092,"w":-0.9865577220916748},"size":20.14395523071289,"orthographic":false}