{"cameraMode":{"drawMode":0,"name":"Shaded","section":"Shading Mode"},"sceneLighting":true,"audioPlay":false,"sceneViewState":{"showFog":true,"showMaterialUpdate":false,"showSkybox":false,"showFlares":true,"showImageEffects":true,"showParticleSystems":true},"in2DMode":false,"pivot":{"x":0.4691433608531952,"y":0.4664366543292999,"z":0.48931294679641726},"rotation":{"x":-0.08658132702112198,"y":-0.7945328950881958,"z":0.11667855829000473,"w":-0.5895829200744629},"size":1.4208292961120606,"orthographic":false}