{"cameraMode":{"drawMode":0,"name":"Shaded","section":"Shading Mode"},"sceneLighting":true,"audioPlay":false,"sceneViewState":{"showFog":true,"showMaterialUpdate":true,"showSkybox":true,"showFlares":true,"showImageEffects":true,"showParticleSystems":true},"in2DMode":false,"pivot":{"x":2.056459665298462,"y":3.618807792663574,"z":-0.5837888717651367},"rotation":{"x":-0.3909781873226166,"y":0.09143716096878052,"z":-0.03906770795583725,"w":-0.9150163531303406},"size":15.50389289855957,"orthographic":false}