{"cameraMode":{"drawMode":0,"name":"Shaded","section":"Shading Mode"},"sceneLighting":true,"audioPlay":false,"sceneViewState":{"showFog":true,"showMaterialUpdate":false,"showSkybox":false,"showFlares":true,"showImageEffects":true,"showParticleSystems":true},"in2DMode":false,"pivot":{"x":0.31054404377937319,"y":-0.4550997018814087,"z":3.756643295288086},"rotation":{"x":-0.14558644592761994,"y":-0.4445374608039856,"z":0.0734778568148613,"w":-0.8807905912399292},"size":7.256997585296631,"orthographic":false}