{"cameraMode":{"drawMode":0,"name":"Shaded","section":"Shading Mode"},"sceneLighting":true,"audioPlay":false,"sceneViewState":{"showFog":true,"showMaterialUpdate":false,"showSkybox":false,"showFlares":true,"showImageEffects":true,"showParticleSystems":true},"in2DMode":false,"pivot":{"x":1.4871439933776856,"y":0.10945659875869751,"z":-0.20814868807792664},"rotation":{"x":-0.0994974747300148,"y":-0.7548078298568726,"z":0.11779394000768662,"w":-0.637566089630127},"size":4.720829486846924,"orthographic":false}