{"cameraMode":{"drawMode":0,"name":"Shaded","section":"Shading Mode"},"sceneLighting":true,"audioPlay":false,"sceneViewState":{"showFog":true,"showMaterialUpdate":false,"showSkybox":false,"showFlares":true,"showImageEffects":true,"showParticleSystems":true},"in2DMode":false,"pivot":{"x":1.2785205841064454,"y":-0.7488642930984497,"z":1.3336819410324097},"rotation":{"x":-0.28061866760253909,"y":-0.12139232456684113,"z":0.0358036607503891,"w":-0.9514381885528565},"size":8.317252159118653,"orthographic":false}