{"cameraMode":{"drawMode":0,"name":"Shaded","section":"Shading Mode"},"sceneLighting":false,"audioPlay":false,"sceneViewState":{"showFog":true,"showMaterialUpdate":false,"showSkybox":true,"showFlares":true,"showImageEffects":true,"showParticleSystems":true},"in2DMode":false,"pivot":{"x":12.019316673278809,"y":5.605205535888672,"z":5.166800498962402},"rotation":{"x":-0.14686980843544007,"y":0.13515792787075044,"z":-0.020262574777007104,"w":-0.9796685576438904},"size":44.92403793334961,"orthographic":false}