{"cameraMode":{"drawMode":0,"name":"Shaded","section":"Shading Mode"},"sceneLighting":true,"audioPlay":false,"sceneViewState":{"showFog":true,"showMaterialUpdate":false,"showSkybox":false,"showFlares":true,"showImageEffects":true,"showParticleSystems":true},"in2DMode":false,"pivot":{"x":0.30631303787231448,"y":0.5130000114440918,"z":0.7417635917663574},"rotation":{"x":-0.21815529465675355,"y":-0.7042303085327148,"z":0.2438235729932785,"w":-0.6300932168960571},"size":5.130885124206543,"orthographic":false}