{"cameraMode":{"drawMode":0,"name":"Shaded","section":"Shading Mode"},"sceneLighting":true,"audioPlay":false,"sceneViewState":{"showFog":true,"showMaterialUpdate":false,"showSkybox":true,"showFlares":true,"showImageEffects":true,"showParticleSystems":true},"in2DMode":false,"pivot":{"x":13.88790512084961,"y":-1.134656310081482,"z":-10.92471694946289},"rotation":{"x":-0.22999821603298188,"y":-0.32196107506752016,"z":0.08094575256109238,"w":-0.9148164987564087},"size":31.928800582885743,"orthographic":false}